{"cameraMode":{"drawMode":0,"name":"Shaded","section":"Shading Mode"},"sceneLighting":false,"audioPlay":false,"sceneViewState":{"showFog":true,"showMaterialUpdate":false,"showSkybox":false,"showFlares":true,"showImageEffects":true,"showParticleSystems":true},"in2DMode":false,"pivot":{"x":-2.7783150672912599,"y":3.453268051147461,"z":1.368980884552002},"rotation":{"x":-0.07280611991882324,"y":-0.8705120086669922,"z":0.1355804055929184,"w":-0.4675530791282654},"size":4.873327732086182,"orthographic":false}