{"cameraMode":{"drawMode":0,"name":"Shaded","section":"Shading Mode"},"sceneLighting":false,"audioPlay":false,"sceneViewState":{"showFog":true,"showMaterialUpdate":false,"showSkybox":false,"showFlares":true,"showImageEffects":true,"showParticleSystems":true},"in2DMode":false,"pivot":{"x":0.0,"y":0.4085128605365753,"z":-0.009905293583869934},"rotation":{"x":0.014151389710605145,"y":0.635071873664856,"z":-0.011616452597081662,"w":0.7723081111907959},"size":1.8054908514022828,"orthographic":false}