{"cameraMode":{"drawMode":0,"name":"Shaded","section":"Shading Mode"},"sceneLighting":false,"audioPlay":false,"sceneViewState":{"showFog":true,"showMaterialUpdate":false,"showSkybox":false,"showFlares":true,"showImageEffects":true,"showParticleSystems":true},"in2DMode":false,"pivot":{"x":-2.1261472702026369,"y":1.6417884826660157,"z":0.39744269847869875},"rotation":{"x":-0.1313212364912033,"y":-0.7380620837211609,"z":0.15039171278476716,"w":-0.6445772647857666},"size":6.885039806365967,"orthographic":false}