{"cameraMode":{"drawMode":0,"name":"Shaded","section":"Shading Mode"},"sceneLighting":true,"audioPlay":false,"sceneViewState":{"showFog":true,"showMaterialUpdate":false,"showSkybox":true,"showFlares":true,"showImageEffects":true,"showParticleSystems":true},"in2DMode":false,"pivot":{"x":-3.0960428714752199,"y":6.031430244445801,"z":-24.988779067993165},"rotation":{"x":0.35501837730407717,"y":0.02426842972636223,"z":-0.009217562153935433,"w":0.934675395488739},"size":0.619674801826477,"orthographic":false}