{"cameraMode":{"drawMode":0,"name":"Shaded","section":"Shading Mode"},"sceneLighting":true,"audioPlay":false,"sceneViewState":{"showFog":true,"showMaterialUpdate":false,"showSkybox":true,"showFlares":true,"showImageEffects":true,"showParticleSystems":true},"in2DMode":false,"pivot":{"x":0.20831656455993653,"y":6.823515892028809,"z":-8.465466499328614},"rotation":{"x":0.13311606645584107,"y":-0.6695008277893066,"z":-0.12411845475435257,"w":-0.7203388214111328},"size":2.9280431270599367,"orthographic":false}