{"cameraMode":{"drawMode":0,"name":"Shaded","section":"Shading Mode"},"sceneLighting":true,"audioPlay":false,"sceneViewState":{"showFog":true,"showMaterialUpdate":false,"showSkybox":true,"showFlares":true,"showImageEffects":true,"showParticleSystems":true},"in2DMode":false,"pivot":{"x":-2.0162267684936525,"y":5.901688575744629,"z":-8.577309608459473},"rotation":{"x":-0.2128867357969284,"y":-0.646129846572876,"z":0.19454851746559144,"w":-0.7068688273429871},"size":0.9969174265861511,"orthographic":false}