{"cameraMode":{"drawMode":0,"name":"Shaded","section":"Shading Mode"},"sceneLighting":false,"audioPlay":false,"sceneViewState":{"showFog":true,"showMaterialUpdate":false,"showSkybox":false,"showFlares":true,"showImageEffects":true,"showParticleSystems":true},"in2DMode":false,"pivot":{"x":4.039490699768066,"y":1.137329339981079,"z":1.362661361694336},"rotation":{"x":-0.007352134678512812,"y":-0.60575270652771,"z":0.005711714271456003,"w":-0.7958139777183533},"size":2.4233345985412599,"orthographic":false}