{"cameraMode":{"drawMode":0,"name":"Shaded","section":"Shading Mode"},"sceneLighting":true,"audioPlay":false,"sceneViewState":{"showFog":true,"showMaterialUpdate":false,"showSkybox":true,"showFlares":true,"showImageEffects":true,"showParticleSystems":true},"in2DMode":false,"pivot":{"x":1.7670050859451295,"y":5.893006324768066,"z":-11.022876739501954},"rotation":{"x":-0.07990869134664536,"y":-0.8572777509689331,"z":0.14011363685131074,"w":-0.48901230096817019},"size":0.33100372552871706,"orthographic":false}